Nom,set,RDC,IRDC,RACrms,IRACrms,SaO2
e,1,1.2091801869037038,1.6374799768166008,0.001547839170258193,0.003443412916882142,96.17305824819292
e,2,1.2184799684297054,1.590683137386217,0.002597367880989847,0.005188069806824498,93.6757818777631
e,3,1.492615811453743,2.0650654996968707,0.013036072569809251,0.007914635409517212,73.11075797392304
e,4,1.8938749482927735,2.9210417232471384,0.0018762866252094717,0.004347834413908941,93.82561403742329
a,2,1.5987965360233223,2.506994523494457,0.001036386783220808,0.0022399375836689448,94.16715278273745
a,4,1.8928277014841326,2.964115244862883,0.0013122090361698713,0.002079699854726627,88.16277998808995
b,2,0.8998515630604229,1.3480677252818822,0.0017060574808684327,0.00271666270898764,86.55208523455194
b,4,1.168308410644531,1.7998445783342634,0.0021183330493817843,0.002199787479365496,89.13268870743161